path,size_bytes,sha256
.gitattributes,105,adbcb23c738e1fee42bacbbf9291a19e17a24e9b1f5c6b25897fc6b37edaa96d
.github/workflows/quick-check.yml,479,346b77bb3477fbb7a6299ea8c835f14143635e412d5e7140699a5b5b1cc11c5e
.gitignore,139,186778ee2bc247561aa3c2dcfbffa0d1e1bea7722ac753fd49592fe914b00b60
.zenodo.json,923,4f15bd5e03c7063163dbb23b91ce446118741a5e39d8705a195513ad331d15a8
archive/README.md,568,eecaf7937e76da22717a04b52f809670b56c8cdd48b48da538177454bf58a4c4
archive/round42/round42_decision_matrix.csv,656,76c764c2ae0ec9a05348248131fdf47f0a113f75ab71ef7b899177db324ee132
archive/round42/round42_gauss_equivalence.csv,1787,b81f2cc7a5097a7f438fe994ff08a701108e33a767bf483ee6f5da54ac796062
archive/round42/round42_gaussian_endpoint_moment_audit.csv,2638,6b22d038f986ca62ad4ed121ef833a80ea6d16fd151130cc8033cad71479b8c3
archive/round42/round42_gaussian_endpoint_structural_error.csv,366,ca0f3ed8a8798af10e99eae507fba55fa2f4e310fe987e2a42bb0f924cc7f1f8
archive/round42/round42_gaussian_endpoint_summary.csv,743,14ea039045ae09a7cc55d3caf1a8bf023002928b5ff98f00f471e5d97626c00d
archive/round42/round42_n4_current_vs_maximal_endpoint.csv,480,eaaeaf190d03c1bc65c180c4f3d21daa68d9db33f13a8d0d021ecc8c395bf84a
archive/round42/round42_research_note_why_k_le_n.md,7130,2a8c5afb95fd07094a3c2fbfbb96d03a51a1a1e79d6acd41431a9d61916ed4d5
archive/round42/round42_results.json,432,cb39382adc159503511a4fb7a63c70795a3a417d09b967b2b131efbbe62513c4
archive/round42/round43_plan.md,1174,2908c9d2421a804d118b96f6a640a92ce9f5cec71c0bfabf8f271bc4b1ac298c
archive/round43/round43_full_hierarchy.png,104024,0823af21a2b05eacf0e832b6cb60d1700b6a6fa636d90afee111e8570616312d
archive/round43/round43_full_hierarchy_alternation.csv,7336,fbe7d90351eed29cb3b6972596e590debc951d08ca17ee908c2c91ef6e05062a
archive/round43/round43_full_hierarchy_nodes_weights.csv,6024,983bf6eb56c7812d13d8337b912e2dbaa6f1b542146a059c601f5bba94c5c70c
archive/round43/round43_full_hierarchy_summary.csv,3887,3d6565775b863d693fb32fb29bad2e6035cfc60b93a896cde5eed5f0f38855da
archive/round43/round43_full_n4_selector_grid.csv,461569,dd1dad2223646be96a4eaa0b5d2f132f09a0a8a4f826a51870a672700f2c8969
archive/round43/round43_full_selector.png,51890,8098b1d803812b1b41fc12f57dd22ae50641e1f3407cc5b847acace665761297
archive/round43/round43_n4_upper_half.png,92216,4f979bb7dd100dcab31ea4b2d9b5e2d3bc0bcef2b343015d1d895a57d387a04f
archive/round43/round43_report.md,2526,a8a336d12423101856d4704bf9c6037ada7ea6f38aa612599aceaeae44086e1a
archive/round43/round43_results.json,377,34e27ffec0edea1d02bf91566f49ef6162d7b60fc7b8851731d09e19bfb2dc3c
archive/round43/round43_selector_impact_summary.csv,400,0371fbe64aa9394fbc1c816a8c014a20620855d3acc9d06f193acaebf67b109a
archive/round44/round44_adaptive_certified_leaves.csv,1560191,746998460ef3f1b87b73abac71cc72e82ec04c736e8a3885f654e23ecbcfab58
archive/round44/round44_adaptive_unresolved_leaves.csv,813856,05f612f69bc6fb268a99efcdc833523b6eeda68ebda638c0d6366e1ddcbb871a
archive/round44/round44_certified_selection_fractions.csv,227,38bea476f7178822e78955fcaee2c74a57c17b079577c1490a3186c0e6115df1
archive/round44/round44_chebyshev_defects.csv,132125,e4274db8fb607a9a12cc9de03115fd9697a7da5898dc80ae50b7eb57e398af79
archive/round44/round44_full_selector_certification.csv,821633,2cd4baff9168947f13f17ed16eca7a162db7bdf2c5e3a4af5ce556474a8aa59d
archive/round44/round44_full_selector_certified.png,367464,7703c27d01f01461bbee6eb46e86aa38ecfbb883216b13b7afee7ec3f4f30f76
archive/round44/round44_independent_extrema.csv,1857,e73c6c7a9361373fc222bc8302a3c26323c7d49bd8707a66d570c7916193e540
archive/round44/round44_independent_full_hierarchy_audit.csv,1205,f70860f127704e132c4f9aa2cba538df25009facef699603f5ec03d9bcfb7b9a
archive/round44/round44_report.md,1203,41a064a64ea5c2d17ff8bbdd8f68af999720fbd05460cb3ab5a38e5ecab8ae68
archive/round44/round44_results.json,590,41328d7bb7d5b61ae98069b906b33ca8d9fb6597924ef7183509650bb8083733
archive/round44/round44_structural_enclosures.csv,926,4f7179c98c73e1aa2f5d1420f4f7939f6fc6e6fd92334312a627205e77e347ef
archive/round44/round44_transfer_enclosures.csv,1683,f59e001838b2a97786036846ec5c3c83f7859b7b31eee961125f0ac7af028922
archive/round44/round44_verified_full_hierarchy.png,77536,71dcbcf44e1fc64bfcc13defacb766f168c203f3d821cedfd977f1a4ebc580d7
archive/round45/round45_best_reconstructed_rules.csv,2696,2787494dba0cca3a81c418fe5a84c4dd8f8996f116daf6b01bb488a7a389d0e5
archive/round45/round45_multistart_error_levels.png,64721,3dd17163af55f7db5e8957e3856fddbb1344231bcfb7cb7c98d2a6d07b5d04c1
archive/round45/round45_multistart_runs.csv,11328,c6610e3468e79c85a663272067b51647e881c4ebc5f3d26372bb213c62739f32
archive/round45/round45_problem_summary.csv,1471,c61971ebde52739d71f9a08d110bef9097fdcdd16386abc3d8674a47f754a09c
archive/round45/round45_report.md,4624,93900917fd850baf7a5a001e9f891c22ea16b8d481b83b424bb7e352b3927cab
archive/round45/round45_results.json,626,30f818f76b924eb6fa8b9862421eee70cac14b3bc30341ca6d35be2d3fba4e0d
archive/round45/round45_success_rates.png,51224,96ac9a9f00a89d233ddd0919b13c14d2cb7e15852cd813c3a0a0fe1a727fa0c6
archive/round46/compile_log.txt,18910,0deb20b278e402319026666e1297dd02c730b0eb799940c4ca85c3c8d4eaff47
archive/round46/extracted_text.txt,21416,598efc6f6c0b21e647f4fe926719c7481e27623002be1b91ec553ba828083b9c
archive/round46/manuscript_v2/data/adaptive_certified_leaves.csv,1560191,746998460ef3f1b87b73abac71cc72e82ec04c736e8a3885f654e23ecbcfab58
archive/round46/manuscript_v2/data/adaptive_unresolved_leaves.csv,813856,05f612f69bc6fb268a99efcdc833523b6eeda68ebda638c0d6366e1ddcbb871a
archive/round46/manuscript_v2/data/full_hierarchy_alternation.csv,7336,fbe7d90351eed29cb3b6972596e590debc951d08ca17ee908c2c91ef6e05062a
archive/round46/manuscript_v2/data/full_hierarchy_nodes_weights.csv,6024,983bf6eb56c7812d13d8337b912e2dbaa6f1b542146a059c601f5bba94c5c70c
archive/round46/manuscript_v2/data/full_hierarchy_summary.csv,3887,3d6565775b863d693fb32fb29bad2e6035cfc60b93a896cde5eed5f0f38855da
archive/round46/manuscript_v2/data/multistart_problem_summary.csv,1471,c61971ebde52739d71f9a08d110bef9097fdcdd16386abc3d8674a47f754a09c
archive/round46/manuscript_v2/data/structural_enclosures.csv,926,4f7179c98c73e1aa2f5d1420f4f7939f6fc6e6fd92334312a627205e77e347ef
archive/round46/manuscript_v2/data/transfer_enclosures.csv,1683,f59e001838b2a97786036846ec5c3c83f7859b7b31eee961125f0ac7af028922
archive/round46/manuscript_v2/figures/figure1_full_hierarchy.pdf,18413,abd42721808c84d6d183032dc99977d834c8274d394a8faf8e10a40092f063b1
archive/round46/manuscript_v2/figures/figure1_full_hierarchy.png,204402,1e4bd0c8d098f5bc2a50aa7788d62e35f904671503d4d98264983b40ddfafe59
archive/round46/manuscript_v2/figures/figure2_alternation.pdf,17577,8c18630206e8281846e2c6f2a2a8a37f35d0a5390faddf1b1a626e9ff7ee39e2
archive/round46/manuscript_v2/figures/figure2_alternation.png,406427,a29d9daa910ed108462dec70bd7b6bd6804aa69a13bce89ef44ad9f4887a4141
archive/round46/manuscript_v2/figures/figure3_risk_tradeoff.pdf,17229,348324bea728c7b3d960af84352500e4cf7606a887702b1135507ec9a2233e10
archive/round46/manuscript_v2/figures/figure3_risk_tradeoff.png,165841,fbf0edc05e837c191a1151d4bb7a4c849ae5fb39db0c056a5b2227c6dd288c01
archive/round46/manuscript_v2/figures/figure4_certified_selector.pdf,27158,ac2317f9f9d98b94ecdfb376777b149069e85c9e671630da8024e038c8ccce83
archive/round46/manuscript_v2/figures/figure4_certified_selector.png,123822,7ad37cf8d3b5557512fcb115804db45cea71cddd2085e973fac6e0ad1c66bc2e
archive/round46/manuscript_v2/figures/figure5_shifted_stress.pdf,18418,8c2921ee061c0b5291b7d83c4df28f5fcda332e9d42ec0ad6fe59a90410f625d
archive/round46/manuscript_v2/figures/figure5_shifted_stress.png,160155,834533d174f149dd3d53ce5d9fd02f54f803b0eaa46df8589fc6d9715601a635
archive/round46/manuscript_v2/highlights.txt,357,f8533e32acd659e4c936dd7c581262e5d3f138b687644052dabfae8bc897b418
archive/round46/manuscript_v2/main.pdf,483472,d364f311c142260f697d76b41a8ab97f29c0fe239497be83d889c421b0d1b004
archive/round46/manuscript_v2/main.spl,0,e3b0c44298fc1c149afbf4c8996fb92427ae41e4649b934ca495991b7852b855
archive/round46/manuscript_v2/main.tex,25047,fa54013d6e204dcdf271336cc2ff9e63f10569954efd667cd456978e93695bd3
archive/round46/manuscript_v2/MANUSCRIPT_V2_OVERVIEW.md,891,4751425023d31d245b67a8228ec8bb104fc83cbfe5bb0b3d55f11d39d4ecc7e9
archive/round46/manuscript_v2/references.bib,2216,1f4f8b3d6ec810846c3aecf579ccba92dc6ba07b4bdcc9b929414d03c0464849
archive/round46/MANUSCRIPT_VERSION_2.pdf,483472,d364f311c142260f697d76b41a8ab97f29c0fe239497be83d889c421b0d1b004
archive/round46/pdf_inspection.txt,3038,dd10958be2d5be0bfc46fd95d5595d1828d41fce15882f2674126903686adb66
archive/round46/README.md,527,174ce861f694cb14e3973c272c8cd934192f8b22a566be5ecbbd35dc4a67b961
archive/round46/round46_change_log.md,974,2b17ba9fb0c0d44798e00d987ef338e75c3b577fba5897cb69349ae0a1b8f5bc
archive/round46/round46_results.json,572,b3bf8d3830db93810feb5ad27302b5219179fb78906d2295ec5c9ddd1f785101
archive/round46/specialist_review_package/claim_evidence_matrix.csv,1099,88f20702def2ffb479bbc6da466ddbcc0c0fef4f341bb83cd0007abd04d81c85
archive/round46/specialist_review_package/full_hierarchy_summary.csv,3887,3d6565775b863d693fb32fb29bad2e6035cfc60b93a896cde5eed5f0f38855da
archive/round46/specialist_review_package/manuscript_version_2.pdf,483472,d364f311c142260f697d76b41a8ab97f29c0fe239497be83d889c421b0d1b004
archive/round46/specialist_review_package/manuscript_version_2.tex,25047,fa54013d6e204dcdf271336cc2ff9e63f10569954efd667cd456978e93695bd3
archive/round46/specialist_review_package/multistart_problem_summary.csv,1471,c61971ebde52739d71f9a08d110bef9097fdcdd16386abc3d8674a47f754a09c
archive/round46/specialist_review_package/specialist_review_brief.md,979,cbe42c82846f241c748d24e3ddecd505b177eabf9c43ba7764a1366e02ff8fcf
archive/round46/specialist_review_package/specialist_review_questions.md,1293,5207ab0386933e7967db8958eec6f563075d57e5fa7519a836bf5294f73f2368
archive/round46/text_integrity_audit.json,2307,e7d9d22c70dea600e77091023d72d655eaff07725ee8a220d2cc6f7529b8711c
archive/round47/manuscript_v2_1/data/adaptive_certified_leaves.csv,1560191,746998460ef3f1b87b73abac71cc72e82ec04c736e8a3885f654e23ecbcfab58
archive/round47/manuscript_v2_1/data/adaptive_unresolved_leaves.csv,813856,05f612f69bc6fb268a99efcdc833523b6eeda68ebda638c0d6366e1ddcbb871a
archive/round47/manuscript_v2_1/data/full_hierarchy_alternation.csv,7336,fbe7d90351eed29cb3b6972596e590debc951d08ca17ee908c2c91ef6e05062a
archive/round47/manuscript_v2_1/data/full_hierarchy_nodes_weights.csv,6024,983bf6eb56c7812d13d8337b912e2dbaa6f1b542146a059c601f5bba94c5c70c
archive/round47/manuscript_v2_1/data/full_hierarchy_summary.csv,3887,3d6565775b863d693fb32fb29bad2e6035cfc60b93a896cde5eed5f0f38855da
archive/round47/manuscript_v2_1/data/multistart_problem_summary.csv,1471,c61971ebde52739d71f9a08d110bef9097fdcdd16386abc3d8674a47f754a09c
archive/round47/manuscript_v2_1/data/structural_enclosures.csv,926,4f7179c98c73e1aa2f5d1420f4f7939f6fc6e6fd92334312a627205e77e347ef
archive/round47/manuscript_v2_1/data/transfer_enclosures.csv,1683,f59e001838b2a97786036846ec5c3c83f7859b7b31eee961125f0ac7af028922
archive/round47/manuscript_v2_1/figures/figure1_full_hierarchy.pdf,18413,abd42721808c84d6d183032dc99977d834c8274d394a8faf8e10a40092f063b1
archive/round47/manuscript_v2_1/figures/figure1_full_hierarchy.png,204402,1e4bd0c8d098f5bc2a50aa7788d62e35f904671503d4d98264983b40ddfafe59
archive/round47/manuscript_v2_1/figures/figure2_alternation.pdf,17577,8c18630206e8281846e2c6f2a2a8a37f35d0a5390faddf1b1a626e9ff7ee39e2
archive/round47/manuscript_v2_1/figures/figure2_alternation.png,406427,a29d9daa910ed108462dec70bd7b6bd6804aa69a13bce89ef44ad9f4887a4141
archive/round47/manuscript_v2_1/figures/figure3_risk_tradeoff.pdf,17229,348324bea728c7b3d960af84352500e4cf7606a887702b1135507ec9a2233e10
archive/round47/manuscript_v2_1/figures/figure3_risk_tradeoff.png,165841,fbf0edc05e837c191a1151d4bb7a4c849ae5fb39db0c056a5b2227c6dd288c01
archive/round47/manuscript_v2_1/figures/figure4_certified_selector.pdf,27158,ac2317f9f9d98b94ecdfb376777b149069e85c9e671630da8024e038c8ccce83
archive/round47/manuscript_v2_1/figures/figure4_certified_selector.png,123822,7ad37cf8d3b5557512fcb115804db45cea71cddd2085e973fac6e0ad1c66bc2e
archive/round47/manuscript_v2_1/figures/figure5_shifted_stress.pdf,18418,8c2921ee061c0b5291b7d83c4df28f5fcda332e9d42ec0ad6fe59a90410f625d
archive/round47/manuscript_v2_1/figures/figure5_shifted_stress.png,160155,834533d174f149dd3d53ce5d9fd02f54f803b0eaa46df8589fc6d9715601a635
archive/round47/manuscript_v2_1/highlights.txt,393,a8e82892f6cdc88933a923f26e92e4663813a09c35ea9a3353b3a466c0ee3ad6
archive/round47/manuscript_v2_1/main.pdf,495733,5914ab193ef8e210f2b5eeeecca37427fd3f8eec44573a6a27eee7bd8128b236
archive/round47/manuscript_v2_1/main.tex,29870,32aa40ac1e1371c3c5ab9b6c91e11b6c227914c6771d550a745a22f325feb32a
archive/round47/manuscript_v2_1/MANUSCRIPT_V2_1_OVERVIEW.md,1047,f7eaa3976daec7cc8c9b4952b043ddea90e6dfb9aaeaf552122f6d617103bf81
archive/round47/manuscript_v2_1/references.bib,3035,46b2e88a7994c8c0545b437108b1ce59beb802e7afd7a91ee033bdec91f89a66
archive/round47/MANUSCRIPT_VERSION_2_1.pdf,495733,5914ab193ef8e210f2b5eeeecca37427fd3f8eec44573a6a27eee7bd8128b236
archive/round47/pdf_preflight.txt,158,1cbf61a316673d53210a7ce6dbae9c88918e252ce30598103ed6d8a852486899
archive/round47/README.md,468,edfdfab5ab89dd7dac0880e8d1e22cd69f630a408dc428dc0564ee3f5ca6552a
archive/round47/render_compare_log.txt,194,82403c71a83f8fd3b4a8c3baeeb671038d6fbe2a843f7b36256bfa4be7e1a067
archive/round47/round47_claim_decisions.csv,2761,d688686ae2a420ad9e963bb09ff4f9e94ac67805048f16d8ec3e7cd70756620a
archive/round47/round47_literature_audit.md,3981,59173ff9262873a0741a33b01e0d63616b8bec2183e8f8bfd9320c23fb4ae4bb
archive/round47/round47_prior_art_matrix.csv,7548,4511aa949e669b423f833783135501b6e5b095d2b75b21311c653c180dab60bf
archive/round47/round47_recommended_positioning.md,1649,730c9c4f17d9058b0989a5c518e173a563d8df444282086677b87e20658abbcd
archive/round47/round47_results.json,670,36e7b49a9847a2f6d185e00cebc2940ecc32625e4ed3428771391b03bef0a570
archive/round47/round47_search_log.md,1738,b4b70f6c3d6637a34785fbe2346d52e72f1e2da8da6db12f1ad86bf662469d6b
archive/round48/compile_log.txt,25490,24349c6e29809586a71253c13c1dc2042a7f346072d2eebcdb9dc0ef009309ae
archive/round48/manuscript_v2_2/figures/figure1_full_hierarchy.pdf,18413,39ccbdd1f00e864cb07bc25fafc94ac5bd149411855d59409f88657832fd8d79
archive/round48/manuscript_v2_2/figures/figure1_full_hierarchy.png,180372,84f4ac4ccf299e0533c25d3941405c6ff738aca561d963cfaa7e36839cb39873
archive/round48/manuscript_v2_2/figures/figure2_alternation.pdf,17627,89f9f33412dc7318888dc5c4c02c4203ded220d10f089fb8d8bdec0181ff8206
archive/round48/manuscript_v2_2/figures/figure2_alternation.png,356111,24343bfaf0f6e9f349156457a237709e618d917cb9ce8c28d0c4e649683c217d
archive/round48/manuscript_v2_2/figures/figure3_risk_tradeoff.pdf,17696,dc3ab1332105bc6f9f65a5e58f35bfed2e48d31e8f89d0cc52d7b1da589e7535
archive/round48/manuscript_v2_2/figures/figure3_risk_tradeoff.png,150360,f27e2858b402a86266a273d7fced872d09ee7556eb0020e4af694b3c2662a272
archive/round48/manuscript_v2_2/figures/figure4_certified_selector.pdf,27866,03c455214c093d75683d7de47e0565f45f4b50dae5aa1bfe90c2cc6fb39c0fb8
archive/round48/manuscript_v2_2/figures/figure4_certified_selector.png,118727,4ad4ef432d0b7e2e30fff7be39e5dc19645367b27e541690088185c9b06c837f
archive/round48/manuscript_v2_2/figures/figure5_shifted_stress.pdf,18418,63a106def7c1786d0802e19d988d05926acb6750134aa18ab0eb01b2c2b64b40
archive/round48/manuscript_v2_2/figures/figure5_shifted_stress.png,136102,78e8b8b5b63991e9bb5125ae1d0807f1d39ee6ad64cbb43c44f456e123d17f1f
archive/round48/manuscript_v2_2/main.pdf,499805,4887c1f8dcaee277aa03936b2a4330436479ca7a4c2b7a6ba9651090e02b6397
archive/round48/manuscript_v2_2/main.tex,35882,a6676bb34f556ffafb6ba10cb6d9759bdb2c09dead4d7ea457b4e74f44e51f66
archive/round48/manuscript_v2_2/MANUSCRIPT_V2_2_OVERVIEW.md,828,59567d4ef4351b9b000f5b566c107850bbe32fb9742fbb83b03e22b7cbc61794
archive/round48/MANUSCRIPT_VERSION_2_2.pdf,499805,4887c1f8dcaee277aa03936b2a4330436479ca7a4c2b7a6ba9651090e02b6397
archive/round48/pdf_preflight.txt,1228,e8073be0bebd1745ea61f71ae295989cc4a71ab98fe99d7093429a189a018adf
archive/round48/README.md,622,bd714857f4e5e7eaf7179c1e964c1eabb95f8cbb110749b5f0de64a9ca894ade
archive/round48/round48_results.json,800,14c1ec5c0be0e2301724f62fa619915f4fb91bc1ab2ae99f7807dfcaf9ec2ab1
archive/round48/theorem_audit/round48_proof_dependency_map.md,1746,800711f8e5a005444e792100fa3f2909babb108599c5a89069e5d6215ffbe9d2
archive/round48/theorem_audit/round48_theorem_audit_report.md,2945,299499b506d54a5fea28f8f289c7eb6bd2f93a7ccfe43b4e28bfaf775bc7e0ac
archive/round48/theorem_audit/round48_theorem_issue_matrix.csv,2525,5cef687df112eab9b25ed6315678559ad0505eb664817f19b1ec1098daa8c582
archive/round49/compile_log.txt,25803,1746c6dd5d3ebddbe1c35c7041d240d9013433453cb5318f79b57b3c03e1e8e7
archive/round49/interval_certification/round49_chebyshev_defect_intervals.csv,203986,5e1b572938d94a78d83f117474deeffb13da38ca353d81537b08d4e724c2d1b1
archive/round49/interval_certification/round49_interval_certification_report.md,1690,5f61300b178c5da56d92e67c8c388d553605430ee2d8e267cb645d22785f9f74
archive/round49/interval_certification/round49_interval_certified_leaves.csv,12442700,264b98f63642e73aaada728fd8afb2c2037f2def5594d0b157f813f622f76d6f
archive/round49/interval_certification/round49_interval_certified_selector.png,134698,6ffad341e5d4e415f78a8f250094cd82b47adbb70bddd8894c6662be8757e6c4
archive/round49/interval_certification/round49_interval_certifier.py,18505,2016575bdd3cc544300f30444254992679c2001ca0475b1a593de33c69ea550d
archive/round49/interval_certification/round49_interval_results.json,935,dd2701af09f3d9a6219e47c02f6b29e5eb65df42c9fe5e98b7feddc27dd26eee
archive/round49/interval_certification/round49_interval_selection_fractions.csv,1509,27e29f18c4e134eeb9bc578656f9ab8aef8972d58606b4be29f6c751898e238a
archive/round49/interval_certification/round49_interval_unresolved_leaves.csv,3940630,b58d34220c5b81b396b9cc5ce4c89d953911c6c7fdcb55283d6826a24c32e4f1
archive/round49/interval_certification/round49_structural_interval_enclosures.csv,730,c10763b49c8929ba8e27e2d22dedb35cb0f2fd356de07ba32cbab42d36a9b910
archive/round49/manuscript_v2_3/figures/figure1_full_hierarchy.pdf,18413,39ccbdd1f00e864cb07bc25fafc94ac5bd149411855d59409f88657832fd8d79
archive/round49/manuscript_v2_3/figures/figure1_full_hierarchy.png,180372,84f4ac4ccf299e0533c25d3941405c6ff738aca561d963cfaa7e36839cb39873
archive/round49/manuscript_v2_3/figures/figure2_alternation.pdf,17627,89f9f33412dc7318888dc5c4c02c4203ded220d10f089fb8d8bdec0181ff8206
archive/round49/manuscript_v2_3/figures/figure2_alternation.png,356111,24343bfaf0f6e9f349156457a237709e618d917cb9ce8c28d0c4e649683c217d
archive/round49/manuscript_v2_3/figures/figure3_risk_tradeoff.pdf,17696,dc3ab1332105bc6f9f65a5e58f35bfed2e48d31e8f89d0cc52d7b1da589e7535
archive/round49/manuscript_v2_3/figures/figure3_risk_tradeoff.png,150360,f27e2858b402a86266a273d7fced872d09ee7556eb0020e4af694b3c2662a272
archive/round49/manuscript_v2_3/figures/figure4_certified_selector.pdf,23224,946a31445e23dec868c8d32d1bcc340182f979b47cadb6979a07b7a8fc59db50
archive/round49/manuscript_v2_3/figures/figure4_certified_selector.png,134698,6ffad341e5d4e415f78a8f250094cd82b47adbb70bddd8894c6662be8757e6c4
archive/round49/manuscript_v2_3/figures/figure5_shifted_stress.pdf,18418,63a106def7c1786d0802e19d988d05926acb6750134aa18ab0eb01b2c2b64b40
archive/round49/manuscript_v2_3/figures/figure5_shifted_stress.png,136102,78e8b8b5b63991e9bb5125ae1d0807f1d39ee6ad64cbb43c44f456e123d17f1f
archive/round49/manuscript_v2_3/main.pdf,507764,6ed9d843eefdc1b72178df719bc99202f3d19c9bcc6bfa81b5a3e5b199bba8d6
archive/round49/manuscript_v2_3/main.tex,37166,80b81939d9c76959840668a7f2b3821e6a4ae347bced2924a141c973ec392c08
archive/round49/manuscript_v2_3/MANUSCRIPT_V2_2_OVERVIEW.md,828,59567d4ef4351b9b000f5b566c107850bbe32fb9742fbb83b03e22b7cbc61794
archive/round49/manuscript_v2_3/MANUSCRIPT_V2_3_OVERVIEW.md,797,2d488d3892342cd100437ed41b8e3af6d55ac3cd23f376983344492db5975a0a
archive/round49/MANUSCRIPT_VERSION_2_3.pdf,507764,6ed9d843eefdc1b72178df719bc99202f3d19c9bcc6bfa81b5a3e5b199bba8d6
archive/round49/pdf_preflight.txt,1228,4798b1a4b1c7f833f12582dbe8418d15564b703d3b5d8e48ce42fa96c7aa1e4e
archive/round49/README.md,958,fe724b4abaab060262425c321948b3b53e4970c05b857dccafadad3a55982735
archive/round49/round49_results.json,849,10b34f2084dbae8225eef155c3dbce677aebf53f690acfed3334b5fabf9b59e0
archive/round50/create_round50_manifest.py,629,45139dca54e500bad529149056a6a9f71b5a1284bea00f3eb9f6d2d7d759e2ef
archive/round50/data/round43_full_hierarchy_alternation.csv,7336,fbe7d90351eed29cb3b6972596e590debc951d08ca17ee908c2c91ef6e05062a
archive/round50/data/round43_full_hierarchy_nodes_weights.csv,6024,983bf6eb56c7812d13d8337b912e2dbaa6f1b542146a059c601f5bba94c5c70c
archive/round50/data/round43_full_hierarchy_summary.csv,3887,3d6565775b863d693fb32fb29bad2e6035cfc60b93a896cde5eed5f0f38855da
archive/round50/data/round45_best_reconstructed_rules.csv,2696,2787494dba0cca3a81c418fe5a84c4dd8f8996f116daf6b01bb488a7a389d0e5
archive/round50/data/round45_problem_summary.csv,1471,c61971ebde52739d71f9a08d110bef9097fdcdd16386abc3d8674a47f754a09c
archive/round50/manuscript_v2_4/figures/figure1_full_hierarchy.png,34192,f7fe93ede9a20e75ced876edc098b0edd512b4bc85a03933d4fe941814d8d5d6
archive/round50/manuscript_v2_4/figures/figure2_alternation.png,73227,b200aa19afe391ef095d40b80939b6065a066d99c9839834c28084d64469bdce
archive/round50/manuscript_v2_4/figures/figure3_risk_tradeoff.png,22250,d45995809347785de2d1539c25d697ac68b035659b5eed1db90890ab4238f99e
archive/round50/manuscript_v2_4/figures/figure4_certified_selector.png,44369,9ac4533dd8a72a6c856fce77dff7f218ec1fce172dc17a8e4e9e8565b26d4a3d
archive/round50/manuscript_v2_4/figures/figure5_shifted_stress.png,14609,57cfd62211813d31d78a795ea776c9e9e0338e34532fdc4d8662f802a8afb843
archive/round50/manuscript_v2_4/main.tex,42440,c29e63bce6f05b25dcea8d9f1cdf79b75d224cfcab2106575c93d6693612f29f
archive/round50/manuscript_v2_4/MANUSCRIPT_V2_4_OVERVIEW.md,693,82616cdadc26253d2c7da5bc492a72281db2c492402e007b93e364f206084c35
archive/round50/manuscript_v2_4/MANUSCRIPT_VERSION_2_4.pdf,635657,7fc4ecc14cbe93f4b493554f4a4a8e0311b4fe2693116f077967f82892334256
archive/round50/README.md,1912,73257124ce1873936bec273e11653a514a083157719ad102c01b8ac06425ae6d
archive/round50/requirements.txt,34,886bf1555251741ca85877cd227e2f2153717451ed3183d968ed6c33c912687c
archive/round50/results/round50_certificate.json,8020,fc68f210d54ee349407aae5b79f995ee4fa2ad4906207748344891643597ef79
archive/round50/results/round50_certificate_summary.csv,1571,1db1dcc3b4fc02cd538fef7b838bdb5d0cb3c852ed8e0a3670048df55e642006
archive/round50/results/round50_curvature_neighborhoods.csv,2189,0834b10c2642feb5f5fd79cb28a33c09de343a53e762db48b1ec2286e2248e2e
archive/round50/results/round50_failure_diagnostics.csv,202,dc7b242e84a90ea706e66673fdcf4994e768b9c5d0aa10dc7e92a5902fd5c417
archive/round50/results/round50_global_minimax_audit.json,3495,c3058cb0fe5bc1352548ca20e25c9cb16eb8f59168d9e8b33cf6feceeafc9636
archive/round50/results/round50_global_minimax_summary.csv,750,7e4c1b678365cd4821edb3c0238bbce3f88d0979689b41e836a0a35a8464118b
archive/round50/results/round50_jacobian_audit.csv,502,4ff48171463bb769b0b7a7e09aa97bd4f08218e07139079a376b02a7c3bbf9b2
archive/round50/results/round50_monotonicity_segments.csv,1047,7e692cfbc30dc04afe6a05e6246170f145b33b3fe3e08ae991267732e4268561
archive/round50/results/round50_residual_intervals.csv,21146,f4a2a295677c2e437598bff982286328fa54ff015148b482bf5b4c0ca2851088
archive/round50/results/round50_system_audit.csv,298,f0e6161ff73cd00798bd86b14a36ccb6420210f5bf4c69f6bad45de23fc12f7f
archive/round50/results/round50_verified_boxes.csv,44911,67695b52c5d6111d3af8009d25bd30ee790e0c803f26f36cff248e3ffa282598
archive/round50/ROUND50_CHANGE_LOG.md,835,5d9d6bf78af479abe2a0267933dd86ff765b14e46fc56bfa2f94b6544f7a616a
archive/round50/round50_global_minimax_audit.py,7275,d28b36343201ca92a498ffd81d5d983fbb50c92a4cbaa8f91790f158833f2a9b
archive/round50/round50_jacobian_audit.py,1350,5adc183e4976d69e7965900143cc4bf2551e9283053b8bc0912a3eebc9389573
archive/round50/round50_krawczyk_certifier.py,13145,24ba959e653a7e3ec2ebd554bf1580648feba1980045fbe54a32f4b68255bebf
archive/round50/round50_results.json,978,c4ea01d8ca17c30bf7e893b5822274e195045e844b2a29e44416cafc2c11ef56
archive/round50/ROUND50_SCIENTIFIC_REPORT.md,6173,5fdb1721a6be4cd640c16ed332ab481f5b9d31c959cda96b64d06a07e070f387
archive/round50/ROUND50_SCIENTIFIC_REPORT.pdf,36942,9b13ca15164073e9cbb4fc6fa5fcbb2d2aff327f73e154a3ecb3bb59419a5b10
archive/round50/run_round50.sh,701,a92597529a582b7d510b502b465b7aec46404fc56ae820946a4806ba1e56d310
archive/round50/SHA256_MANIFEST.csv,3731,665663e5417318a2dff85570268477d7cfbe8893729776dc4e63c9b3549c0829
AUTHORS.md,148,d85dbc6a3603fcc9027a2ac0e2dcc77fed65ede996ad0c6d08fd277838d7018d
certificates/round49/round49_interval_certifier_portable.py,18547,53f9016dcf9789076546bf5ad543c04facee6f2415307e88abce4003714bcc7d
certificates/round50/round50_global_minimax_audit.py,7275,d28b36343201ca92a498ffd81d5d983fbb50c92a4cbaa8f91790f158833f2a9b
certificates/round50/round50_jacobian_audit.py,1350,5adc183e4976d69e7965900143cc4bf2551e9283053b8bc0912a3eebc9389573
certificates/round50/round50_krawczyk_certifier.py,13145,24ba959e653a7e3ec2ebd554bf1580648feba1980045fbe54a32f4b68255bebf
certificates/round50/round50_krawczyk_certifier_precision_fixed.py,13251,e8bdd3152531ce3d843e869e5e30e5509680a26927f57e4c81b8be6bb400f263
CITATION.cff,579,710a9182213b69d79892705fd852a04ad5ebfb73825bf22a66087615ba8aea3e
CONTRIBUTING.md,347,666c0e665a91afb0312a2f3e8c75bc9992e11ff925f8a679e32d14b96ef41cc6
create_manifest.py,2070,764d414ff2353d024d8b4ed6f28e61abceab9c48ead1aee09a0fee891fe44ae6
data/reference/round43/round43_full_hierarchy_alternation.csv,7336,fbe7d90351eed29cb3b6972596e590debc951d08ca17ee908c2c91ef6e05062a
data/reference/round43/round43_full_hierarchy_nodes_weights.csv,6024,983bf6eb56c7812d13d8337b912e2dbaa6f1b542146a059c601f5bba94c5c70c
data/reference/round43/round43_full_hierarchy_summary.csv,3887,3d6565775b863d693fb32fb29bad2e6035cfc60b93a896cde5eed5f0f38855da
data/reference/round49/round49_interval_results.json,935,dd2701af09f3d9a6219e47c02f6b29e5eb65df42c9fe5e98b7feddc27dd26eee
data/reference/round49/round49_interval_selection_fractions.csv,1509,27e29f18c4e134eeb9bc578656f9ab8aef8972d58606b4be29f6c751898e238a
data/reference/round49/round49_round_summary.json,849,10b34f2084dbae8225eef155c3dbce677aebf53f690acfed3334b5fabf9b59e0
data/reference/round49/round49_structural_interval_enclosures.csv,730,c10763b49c8929ba8e27e2d22dedb35cb0f2fd356de07ba32cbab42d36a9b910
data/reference/round50/round50_certificate.json,8020,fc68f210d54ee349407aae5b79f995ee4fa2ad4906207748344891643597ef79
data/reference/round50/round50_certificate_summary.csv,1571,1db1dcc3b4fc02cd538fef7b838bdb5d0cb3c852ed8e0a3670048df55e642006
data/reference/round50/round50_curvature_neighborhoods.csv,2189,0834b10c2642feb5f5fd79cb28a33c09de343a53e762db48b1ec2286e2248e2e
data/reference/round50/round50_failure_diagnostics.csv,202,dc7b242e84a90ea706e66673fdcf4994e768b9c5d0aa10dc7e92a5902fd5c417
data/reference/round50/round50_global_minimax_audit.json,3495,c3058cb0fe5bc1352548ca20e25c9cb16eb8f59168d9e8b33cf6feceeafc9636
data/reference/round50/round50_global_minimax_summary.csv,750,7e4c1b678365cd4821edb3c0238bbce3f88d0979689b41e836a0a35a8464118b
data/reference/round50/round50_jacobian_audit.csv,502,4ff48171463bb769b0b7a7e09aa97bd4f08218e07139079a376b02a7c3bbf9b2
data/reference/round50/round50_monotonicity_segments.csv,1047,7e692cfbc30dc04afe6a05e6246170f145b33b3fe3e08ae991267732e4268561
data/reference/round50/round50_residual_intervals.csv,21146,f4a2a295677c2e437598bff982286328fa54ff015148b482bf5b4c0ca2851088
data/reference/round50/round50_round_summary.json,978,c4ea01d8ca17c30bf7e893b5822274e195045e844b2a29e44416cafc2c11ef56
data/reference/round50/round50_system_audit.csv,298,f0e6161ff73cd00798bd86b14a36ccb6420210f5bf4c69f6bad45de23fc12f7f
data/reference/round50/round50_verified_boxes.csv,44911,67695b52c5d6111d3af8009d25bd30ee790e0c803f26f36cff248e3ffa282598
docs/round51/ROUND51_CHANGE_LOG.md,831,d1b7588a8d6a1864a855e56dea11fbe5b9272e14607305fbc7b3e2922c6b9e50
docs/round51/ROUND51_PRECISION_FINDING.md,1883,0d22b11d05be3a814c1fbed506111029a3d4d63ef821ecebbdbedd5790aa5f2e
docs/round51/ROUND51_SCIENTIFIC_REPORT.md,5845,46173488f36fbf77120d60a9b6b1693a403272d8875fcbcef39bcbe25eb97723
docs/round52/LITERATURE_POSITIONING_AUDIT.md,3624,3018e65184a2f0abaf543f4635aa3b414da4d88af38a25e1c64f2586f3a5cbb1
docs/round52/NOTATION_AUDIT.csv,1443,b25d84924e02668d97021b30ca7ee667901fcfa2fade63b9ba2c68a2ca45983b
docs/round52/REFERENCE_VERIFICATION.csv,2097,e121ab1e17ad2fc52e1b6bded60cfddb4f9f4b42af17eb37483846f0db441f9a
docs/round52/ROUND52_SCIENTIFIC_REPORT.md,7361,02fcca36ad17390f88280466f30306f81b6382643b23d9e332cf1f3922776c08
docs/round52/SCIENTIFIC_AUDIT_DECISIONS.md,2141,c4f18fc5497afea17fa66d6147e3c877870b21bfb849884ab9aca30a815698f2
docs/round52/THEOREM_CLAIM_AUDIT.csv,3827,dc174481e3581cba48ad8e1555fb842a842d8ede69826e790bfc841f34dadd7a
FULL_REPRODUCTION_SMOKE_TEST.md,632,0eabe77d8c90f0d02001f7c8544bf012cbb82fd93970a48127da405893e47225
GITHUB_UPLOAD_GUIDE_VI.md,3234,9e46e6c15d5da7c2d27a54e590e9b2225d63dc177151a72b95573b0c7ca96d34
LICENSE,1070,205e33d076def776510af69d97bfe907bf17a1ec6b3e97174eee84f5d9b50813
paper/current/figures/figure1_full_hierarchy.png,34192,f7fe93ede9a20e75ced876edc098b0edd512b4bc85a03933d4fe941814d8d5d6
paper/current/figures/figure2_alternation.png,73227,b200aa19afe391ef095d40b80939b6065a066d99c9839834c28084d64469bdce
paper/current/figures/figure3_risk_tradeoff.png,22250,d45995809347785de2d1539c25d697ac68b035659b5eed1db90890ab4238f99e
paper/current/figures/figure4_certified_selector.png,44369,9ac4533dd8a72a6c856fce77dff7f218ec1fce172dc17a8e4e9e8565b26d4a3d
paper/current/figures/figure5_shifted_stress.png,14609,57cfd62211813d31d78a795ea776c9e9e0338e34532fdc4d8662f802a8afb843
paper/current/main.tex,48879,36b6528233ceff1100f9ff9d3417f2c91954b5ea6281288257f7c6d33d9aa15f
paper/current/MANUSCRIPT_VERSION_2_5.pdf,663438,72c20c7fd87aa5ad29394dfec0b10d8fe383896db46862a14810ffa26fb28b29
PROJECT_MAP.md,970,63e36fa4bbc95ce2341e44ee129977e4b1e03ca62de8f12b236e5e74c7931c34
PUBLIC_REPOSITORY_CONTENTS.md,967,66d11e581fc00c5051ce22ad8aa10ebd58a073889988c5c493e454ab9bc0b424
quick_verify.py,4958,1cf8c0a9b5911fe74bf729c62dc102269795b4b44def34a1f43e6672a60a616d
README.md,3552,0f1c9b7fe098f6bc22acfc00bcac144cef655a1c9e04fac542c81fc76141fc64
RELEASE_NOTES_v1.0.0-rc1.md,840,3a9f5f9fa9342e558cf3e7d9c285c9ed902c7a1e37fa9d78ae507dc5d332a444
requirements-lock.txt,94,9391330a71c89a1044603bc17d3a763e0bd1a5b24b93a6a7b214fc71f37f5be8
requirements.txt,94,9391330a71c89a1044603bc17d3a763e0bd1a5b24b93a6a7b214fc71f37f5be8
results/artifact_audit.csv,3476,f6aa0ba8d1cf6977a34898179492dd064f77f0fa1f4b42f516a0a79be0a0e7f3
results/artifact_audit.json,7341,29284e28ecf9e3e626c01d9688cac54ae844edecd59c40f0863255e21b6a77f3
results/hierarchy/alternation_point_reproduction.csv,11098,b17daccc59ed057e4bd10a8c62d7b26818a57eb1ca78a961358271883b035a23
results/hierarchy/full_hierarchy_audit.csv,7016,23169a9e0c9e3a28cc98f5a47169b153181f8d7e666091542ef95be79cc82639
results/hierarchy/full_hierarchy_summary.json,850,a5d669bda1b745b03f0cda652efcb8590e525eacd59cecad0a7e12e5d3c85b0b
results/independent_round50_precision_fixed/independent_krawczyk_components.csv,42322,a56286b41d5e2d1498809b1e7870f32e3e4c2a0f2367231da54a93e87abca59b
results/independent_round50_precision_fixed/independent_krawczyk_results.json,5941,efeaa2cd7d98e3eb901dad32b9288d011c20deb56609a363f639b370a940c1f5
results/independent_round50_precision_fixed/independent_krawczyk_summary.csv,2095,ab359c9a7c11c478ffa9c835d5c48c44e4105d92bebb812a691b9a0c1d9a708c
results/round49_rerun/round49_chebyshev_defect_intervals.csv,203986,5e1b572938d94a78d83f117474deeffb13da38ca353d81537b08d4e724c2d1b1
results/round49_rerun/round49_interval_certified_leaves.csv,12442700,264b98f63642e73aaada728fd8afb2c2037f2def5594d0b157f813f622f76d6f
results/round49_rerun/round49_interval_certifier_portable.py,18547,53f9016dcf9789076546bf5ad543c04facee6f2415307e88abce4003714bcc7d
results/round49_rerun/round49_interval_results.json,935,cb3485b2a783b3648c45024acee35a5409d48f4344ce260349be2a7d441173ec
results/round49_rerun/round49_interval_selection_fractions.csv,1509,27e29f18c4e134eeb9bc578656f9ab8aef8972d58606b4be29f6c751898e238a
results/round49_rerun/round49_interval_unresolved_leaves.csv,3940630,b58d34220c5b81b396b9cc5ce4c89d953911c6c7fdcb55283d6826a24c32e4f1
results/round49_rerun/round49_structural_interval_enclosures.csv,730,c10763b49c8929ba8e27e2d22dedb35cb0f2fd356de07ba32cbab42d36a9b910
results/round50_precision_fixed/round50_certificate.json,8028,afb8bdf530d9d551218bddf0530b0d9c4ab53c615def6f7b8b4cc52dd91e30d8
results/round50_precision_fixed/round50_certificate_summary.csv,1573,6281635361f33807b43eea5dee4d6ef723cd3c9d9b2cde745bb5dcc02bdc8df7
results/round50_precision_fixed/round50_residual_intervals.csv,21114,f3bfb034130909ffef88340cd563a0f72ada44d459c6ed46bc1212bc57cfd319
results/round50_precision_fixed/round50_verified_boxes.csv,44911,20d1b635ae1345c5199d72cc1d482be286f3b3bbb97037c0f98ce958aae73afb
results/round50_rerun/round50_certificate.json,8026,40da8a465d32bc11df582a80e07ca74a028a5891d4e70bbefaeb0ab582ea8d71
results/round50_rerun/round50_certificate_summary.csv,1571,1db1dcc3b4fc02cd538fef7b838bdb5d0cb3c852ed8e0a3670048df55e642006
results/round50_rerun/round50_curvature_neighborhoods.csv,2189,0834b10c2642feb5f5fd79cb28a33c09de343a53e762db48b1ec2286e2248e2e
results/round50_rerun/round50_global_minimax_audit.json,3495,c3058cb0fe5bc1352548ca20e25c9cb16eb8f59168d9e8b33cf6feceeafc9636
results/round50_rerun/round50_global_minimax_summary.csv,750,7e4c1b678365cd4821edb3c0238bbce3f88d0979689b41e836a0a35a8464118b
results/round50_rerun/round50_jacobian_audit.csv,502,4ff48171463bb769b0b7a7e09aa97bd4f08218e07139079a376b02a7c3bbf9b2
results/round50_rerun/round50_monotonicity_segments.csv,1047,7e692cfbc30dc04afe6a05e6246170f145b33b3fe3e08ae991267732e4268561
results/round50_rerun/round50_residual_intervals.csv,21146,f4a2a295677c2e437598bff982286328fa54ff015148b482bf5b4c0ca2851088
results/round50_rerun/round50_verified_boxes.csv,44911,67695b52c5d6111d3af8009d25bd30ee790e0c803f26f36cff248e3ffa282598
results/round51_results.json,1443,d17db775c09cd72b52ce9452257ac6add20fc6047d8f0ba36e36c5e9c1788367
round43/round43_full_hierarchy_alternation.csv,7336,fbe7d90351eed29cb3b6972596e590debc951d08ca17ee908c2c91ef6e05062a
round43/round43_full_hierarchy_nodes_weights.csv,6024,983bf6eb56c7812d13d8337b912e2dbaa6f1b542146a059c601f5bba94c5c70c
round43/round43_full_hierarchy_summary.csv,3887,3d6565775b863d693fb32fb29bad2e6035cfc60b93a896cde5eed5f0f38855da
ROUND51_SCIENTIFIC_REPORT.pdf,32595,1d62311eb4f41c5cc2775054f0b330dd1fdad078824bfcfafc6f736cfd684764
ROUND52_SCIENTIFIC_REPORT.pdf,40928,905d80f3ddfff0ed6d068e6200c27241ab45085348d791ac8b268c621c0d5e6b
run_full_reproduction.py,2562,5d62cf94361f6b13b4d1c54071a5deaeeb3d82fd98b2e86c60bb8e239e88782f
run_full_reproduction.sh,91,2640c7ff3538fa415f67c2c240bdb306ba8934583f89d550c9002fcac8067b92
RUN_FULL_REPRODUCTION_WINDOWS.bat,97,e99a2f323ed6da144f5f9e21bd186eeb8f787388c396105a8303bfb20f902a83
specialist_review/evidence/full_hierarchy_summary.json,850,a5d669bda1b745b03f0cda652efcb8590e525eacd59cecad0a7e12e5d3c85b0b
specialist_review/evidence/independent_krawczyk_summary.csv,2095,ab359c9a7c11c478ffa9c835d5c48c44e4105d92bebb812a691b9a0c1d9a708c
specialist_review/evidence/round49_interval_results.json,935,cb3485b2a783b3648c45024acee35a5409d48f4344ce260349be2a7d441173ec
specialist_review/evidence/round50_certificate_summary.csv,1573,6281635361f33807b43eea5dee4d6ef723cd3c9d9b2cde745bb5dcc02bdc8df7
specialist_review/LITERATURE_POSITIONING_AUDIT.md,3624,3018e65184a2f0abaf543f4635aa3b414da4d88af38a25e1c64f2586f3a5cbb1
specialist_review/MANUSCRIPT_VERSION_2_5.pdf,663438,72c20c7fd87aa5ad29394dfec0b10d8fe383896db46862a14810ffa26fb28b29
specialist_review/README.md,472,2d2f7635acb4d01e7910b5f1a7b3918d79c988426bffc332e7530f50f20d9ed2
specialist_review/REFERENCE_VERIFICATION.csv,2097,e121ab1e17ad2fc52e1b6bded60cfddb4f9f4b42af17eb37483846f0db441f9a
specialist_review/SCIENTIFIC_AUDIT_DECISIONS.md,2141,c4f18fc5497afea17fa66d6147e3c877870b21bfb849884ab9aca30a815698f2
specialist_review/SPECIALIST_REVIEW_REQUEST.md,1979,ae4e1fb9be7c0e602e225ccb71c5bc680e2a3c40aa8b538d2add229b1dbcca70
specialist_review/THEOREM_CLAIM_AUDIT.csv,3827,dc174481e3581cba48ad8e1555fb842a842d8ede69826e790bfc841f34dadd7a
src/hierarchy_verifier.py,11437,447502cb72e804b646e0d3d9fa264a591a200bc30f0ea0d9f562c56a2d575a0f
src/independent_round50_verifier.py,14729,99485551197e78d98eb8cf5c1d24812266d606ec5d271cbbd2776714fa260b3b
START_HERE.md,1232,3311f14cea33edc6b753456b26712a7b8df8eae12fae839abb99fbbedfd520b7
tests/test_public_release.py,1555,022affa81bc475c159eacca46ab277fb41526e367865ad973483525853f0f31d
verify_manifest.py,753,f8150215f0b58baf4202aa8aa782e8d728463b371cf2063340991f73202ec9f5
